type,question,answer
UNTYPED,Who developed Windows 95?,Microsoft
UNTYPED,In which country is Vierlingsbeek located?,Netherlands
UNTYPED,What instrument does Giovanni Battista Viotti play?,violin
UNTYPED,For whom does Lyse Doucet work?,BBC
UNTYPED,Where is IJmuiden located?,Netherlands
UNTYPED,Where is the headquarter of WWE located?,Stamford
UNTYPED,What is the native language of Mathieu de Montmorency?,French
UNTYPED,What genre is The Enchanter Reborn a mix of?,fantasy
UNTYPED,What is the native language of Anne-Marie Idrac?,French
UNTYPED,What is the capital of the Spanish East Indies?,Manila
UNTYPED,Who employs Satoru Iwata?,Nintendo
UNTYPED,On which network was The Famous Teddy Z originally aired?,CBS
UNTYPED,In which city did John Major work?,London
UNTYPED,Where did The Young and the Restless premiere?,CBS
UNTYPED,What sport does LeBron James professionally play?,basketball
UNTYPED,What sport does Evgeni Malkin professionally play?,hockey
UNTYPED,What sport does Jarome Iginla professionally play?,hockey
UNTYPED,What is the official language of Peru?,Spanish
UNTYPED,What field does Lev Vygotsky work in?,psychology
UNTYPED,Who is developing Tizen?,Samsung
UNTYPED,Who developed Windows Media Player?,Microsoft
UNTYPED,What language is spoken in the Canton of Fribourg?,French
UNTYPED,Where can Fantastic Fest be found in the heart of downtown?,Austin
UNTYPED,What language is spoken in Pomarkku?,Finnish
UNTYPED,What area does Amos Tversky work in?,psychology
UNTYPED,Where is Euromoney Institutional Investor's headquarters located?,London
UNTYPED,What is David Weigel's profession similar to?,journalist
UNTYPED,What is the capital city of Commonwealth of England?,London
UNTYPED,What is the capital of Veneto?,Venice
UNTYPED,What country is Jean Bobet a citizen of?,France
UNTYPED,In which country is Isola Dovarese located?,Italy
UNTYPED,Where does Hotel Room premiere?,HBO
UNTYPED,What is the native language of Aleksey Khomyakov?,Russian
UNTYPED,Where is the headquarter of Smith & Wesson located?,Springfield
UNTYPED,Who produces Platform Controller Hub?,Intel
UNTYPED,Where did The New Dick Van Dyke Show debut?,CBS
UNTYPED,What is the capital of Ukraine?,Kiev
UNTYPED,Where is the headquarter of Fudan University?,Shanghai
UNTYPED,What instrument does Count Basie perform on?,piano
UNTYPED,Where is Leinster located?,Ireland
UNTYPED,What language is a mixture of Russian used by Musa Manarov?,Russian
UNTYPED,What is the native language of Yuliya Snigir?,Russian
UNTYPED,Where did Late Night with Jimmy Fallon premiere?,NBC
UNTYPED,Where did The Late Late Show with Craig Ferguson premiere?,CBS
UNTYPED,Where did No Game No Life originate?,Japan
UNTYPED,Who developed Windows Phone 8.1?,Microsoft
UNTYPED,Where is the headquarter of BC Hydro located?,Vancouver
UNTYPED,What sport does Herculez Gomez professionally play?,soccer
UNTYPED,What language was the late 15th century text Passer à l'acte originally written in?,French
UNTYPED,What country is Arne Vidar Røed a citizen of?,Norway
UNTYPED,Who developed the Acura ILX?,Honda
UNTYPED,Where is the headquarter of Zillow located?,Seattle
UNTYPED,Where did Ernst Reuter die?,Berlin
UNTYPED,What is the capital city of the Kingdom of Hungary?,Budapest
UNTYPED,Where is the British Museum located?,London
UNTYPED,Where was Mehdi Hosseini born?,Tehran
UNTYPED,Who employs Jeremy Paxman?,BBC
UNTYPED,What language is spoken in Aarau?,German
UNTYPED,In what city did Charlie Conacher die?,Toronto
UNTYPED,In what city did Gianfranco Fini work?,Rome
UNTYPED,Where did How to Make It in America premiere?,HBO
UNTYPED,In which country is Bundesautobahn 3 the most popular route?,Germany
UNTYPED,In which country was Paanch created?,India
UNTYPED,In which country was Pandora Hearts created?,Japan
UNTYPED,What is the native language of Valentin Rasputin?,Russian
UNTYPED,In which city is Andheri located in the south?,Mumbai
UNTYPED,Who developed PlayStation Eye?,Sony
UNTYPED,What language is not used by Jean-Baptiste Marchand?,French
UNTYPED,"Where did George Cadogan, 5th Earl Cadogan take up work?",London
UNTYPED,What religion is Mir Damad affiliated with?,Islam
UNTYPED,Where did The Big Bang Theory premiere?,CBS
UNTYPED,Where was Hajime Mizoguchi born?,Tokyo
UNTYPED,Where are SunTrust Banks's headquarters located?,Atlanta
UNTYPED,What is the native language of Giunta Pisano?,Italian
UNTYPED,What is the native language of Pierre Alcover?,French
UNTYPED,"In which country is Medical College and Hospital, Kolkata located?",India
UNTYPED,What is Henry Pym affiliated with?,Avengers
UNTYPED,Where is Fryderyk Chopin University of Music located?,Warsaw
UNTYPED,Who developed Final Fantasy Legend III?,Square
UNTYPED,On what network was Scooby Doo originally aired?,CBS
UNTYPED,In which country was Saint-Marcellin created?,France
UNTYPED,What language is spoken in Seychelles?,English
UNTYPED,Where was Giovanni Sgambati born?,Rome
UNTYPED,What is Phil Knight founder of?,Nike
UNTYPED,Where was East Japan Railway Company formed?,Tokyo
UNTYPED,What is the capital of Norway?,Oslo
UNTYPED,Where was Jacques-Jean Barre born?,Paris
UNTYPED,What instrument does Edmund Neupert perform on?,piano
UNTYPED,On which network did Meet the Press debut?,NBC
UNTYPED,What instrument does Sergiu Luca play?,violin
UNTYPED,Who owns Windows Media Player?,Microsoft
UNTYPED,In what area does William Herschel work?,astronomy
UNTYPED,What sport does José Canseco professionally play?,baseball
UNTYPED,What language is the original version of Celia en el colegio a mixture of?,Spanish
UNTYPED,What is Jeff Hardy affiliated with?,WWE
UNTYPED,What is the capital city of the Second French Empire?,Paris
UNTYPED,What instrument does Franz Liszt play?,piano
UNTYPED,What is the native language of Lisa Ekdahl?,Swedish
UNTYPED,Where does Trailer Park Boys premiere?,Netflix
UNTYPED,Who employs Jeremy Vine?,BBC
UNTYPED,Where is Melodiya headquartered?,Moscow
UNTYPED,In what language does Jean-Pierre Petit write?,French
UNTYPED,What language is spoken in Papua New Guinea?,English
UNTYPED,Where is Killer Mike native to?,Atlanta
UNTYPED,Who developed the B-47 Stratojet?,Boeing
UNTYPED,Where did Henri Herz die at the age of 93?,Paris
UNTYPED,What is the native language of Xavier Saint-Macary?,French
UNTYPED,Where did John Pym die?,London
UNTYPED,Who is United Launch Alliance's joint venture partner?,Boeing
UNTYPED,To which continent does Cape Adams belong?,Antarctica
UNTYPED,Who owns Yammer?,Microsoft
UNTYPED,Who developed the Jeep Grand Cherokee?,Chrysler
UNTYPED,Who wrote Le Silence de la mer in the early 20th century?,French
UNTYPED,Where is the location of the Taliban insurgency,Afghanistan
UNTYPED,Where did The Sports Reporters premiere?,ESPN
UNTYPED,In which state is Edina High School located?,Minnesota
UNTYPED,Who developed Chromebook Pixel?,Google
UNTYPED,To which continent does Melilla belong?,Africa
UNTYPED,What sport does Dick Butkus professionally play?,football
UNTYPED,Who created iTunes Radio?,Apple
UNTYPED,What network originally aired Museum Secrets?,History
UNTYPED,Who owns Florida Championship Wrestling?,WWE
UNTYPED,Where is the headquarter of Mayo Clinic located?,Rochester
UNTYPED,Where is the Galerie des Machines located?,Paris
UNTYPED,Where is The Home Depot headquartered?,Atlanta
UNTYPED,Who developed Windows Internet Explorer 8?,Microsoft
UNTYPED,What country is Cabernet Franc from?,France
UNTYPED,Where does College Football Live premiere?,ESPN
UNTYPED,In what city did Lorenzo Perosi die?,Rome
UNTYPED,In what city did Friedrich Goldmann work?,Berlin
UNTYPED,What sport does Marco Di Vaio professionally play?,soccer
UNTYPED,What position does Mark Sanchez play in?,quarterback
UNTYPED,Where did samurai cinema originate?,Japan
UNTYPED,What sport does Terrell Owens professionally play?,football
UNTYPED,Who developed the Acura RDX?,Honda
UNTYPED,In what country was Chakrapani created?,India
UNTYPED,To which continent does Catalonia belong?,Europe
UNTYPED,Who develops Android Auto?,Google
UNTYPED,What sport does Ryan Smyth professionally play?,hockey
UNTYPED,What genre is played by Count Basie?,jazz
UNTYPED,What is the original language of The Three Musketeers?,French
UNTYPED,Where are Mercure de France's headquarters?,Paris
UNTYPED,Where is Concordia University located?,Montreal
UNTYPED,What sport does Lawrence Taylor professionally play?,football
UNTYPED,Where did Stamatios Kleanthis pass away?,Athens
UNTYPED,Who developed OS X Yosemite?,Apple
UNTYPED,What religion does Sultan Satuq Bughra Khan follow?,Islam
UNTYPED,What sport does Russell Wilson professionally play?,football
UNTYPED,Where is Nez Perce County located?,Idaho
UNTYPED,Who developed Windows Phone 7?,Microsoft
UNTYPED,What city does Bilal ibn Ribah originate from?,Mecca
UNTYPED,In which city did Philippus van Limborch work?,Amsterdam
UNTYPED,In what city did Adele Faccio work?,Rome
UNTYPED,Where did Givenchy originate?,Paris
UNTYPED,Where did Giacomo Barozzi da Vignola pass away?,Rome
UNTYPED,What language was a mixture of Latin in Eclogues?,Latin
UNTYPED,Where is the headquarter of Russian Post located?,Moscow
UNTYPED,What sport does Dirk Nowitzki professionally play?,basketball
UNTYPED,What company makes Nismo?,Nissan
UNTYPED,Who created MacApp?,Apple
UNTYPED,In what language does Francis Blanche speak during a news conference?,French
UNTYPED,On what network was Law & Order released?,NBC
UNTYPED,What citizenship did Bhaktisiddhanta Saraswati have?,India
UNTYPED,In what language is Le Mauricien written?,French
UNTYPED,Where is Pilipinas News from?,Philippines
UNTYPED,Where was Alexandre Mercereau born?,Paris
UNTYPED,What city owns O'Hare International Airport?,Chicago
UNTYPED,In which country is Etobicoke North located?,Canada
UNTYPED,In what city did Giacinto Brandi die?,Rome
UNTYPED,Where is Partick Thistle F.C. based?,Glasgow
UNTYPED,What is Raina Kabaivanska known for?,opera
UNTYPED,Which language was Il Gazzettino written in?,Italian
UNTYPED,In what city did James Northcote die?,London
UNTYPED,Where was Chatto & Windus formed?,London
UNTYPED,Who develops Final Fantasy?,Square
UNTYPED,In which country was Suite Habana created?,Cuba
UNTYPED,"In which city did Henry Somerset, 7th Duke of Beaufort work?",London
UNTYPED,On which network was The Biskitts originally aired?,CBS
UNTYPED,What genre does Eureka Brass Band play?,jazz
UNTYPED,What language is spoken in Tennessee?,English
UNTYPED,What was the capital of the Czech Socialist Republic?,Prague
UNTYPED,What country is Mohammad-Taqi Mesbah-Yazdi a citizen of?,Iran
UNTYPED,Who developed Windows Live Mail?,Microsoft
UNTYPED,What language is spoken in Singapore?,English
UNTYPED,In what city did Werner von Blomberg work?,Berlin
UNTYPED,What sport does Boris Diaw professionally play?,basketball
UNTYPED,What is the capital of Italy?,Rome
UNTYPED,Who created Xbox?,Microsoft
UNTYPED,In which country is Christian Medical College Ludhiana located?,India
UNTYPED,What is the native language of Pierre Daniel Huet?,French
UNTYPED,What is Antonio Vivaldi known for performing in?,opera
UNTYPED,Where is RioCan Real Estate Investment Trust headquartered?,Toronto
UNTYPED,What language is spoken in Indiana?,English
UNTYPED,Who developed Wii MotionPlus?,Nintendo
UNTYPED,What is the original language of Ma vie en rose?,French
UNTYPED,Who develops Windows Mobile?,Microsoft
UNTYPED,Where was Sound Transit formed in 1999?,Seattle
UNTYPED,In what city did Louis Nicolas Vauquelin work?,Paris
UNTYPED,What religion is Shah Alam II affiliated with?,Islam
UNTYPED,What language is that used by Juan Bautista de Anza similar to?,Spanish
UNTYPED,Who owns Beats Music?,Apple
UNTYPED,Where is the headquarter of United Airlines located?,Chicago
UNTYPED,What position does Marco Tardelli play in?,midfielder
UNTYPED,What language does Willem Wilmink speak to the media in?,Dutch
UNTYPED,What title does John XXIII hold?,pope
UNTYPED,In what city did Gro Harlem Brundtland work?,Oslo
UNTYPED,In which country is Trento located?,Italy
UNTYPED,What is Jon Postel's domain of activity?,Internet
UNTYPED,What is Iron Man affiliated with?,Avengers
UNTYPED,Who created Windows Embedded CE 6.0?,Microsoft
UNTYPED,Who created Super Game Boy?,Nintendo
UNTYPED,What position does Yogi Berra play?,catcher
UNTYPED,What religion does Hafez follow?,Islam
UNTYPED,Who employs Victoria Derbyshire?,BBC
UNTYPED,On what network was The Leftovers released?,HBO
UNTYPED,What language is Si la vie est cadeau written in?,French
UNTYPED,"In which city did Elizabeth Butler-Sloss, Baroness Butler-Sloss work?",London
UNTYPED,What religion does Deobandi follow?,Islam
UNTYPED,"Where did Knud, Hereditary Prince of Denmark pass away?",Copenhagen
UNTYPED,In what city did Astley Cooper die?,London
UNTYPED,To which continent do Grossman Nunataks belong?,Antarctica
UNTYPED,Who developed the iPod Touch?,Apple
UNTYPED,What field was Gerolamo Cardano's domain of activity?,mathematics
UNTYPED,What is the native language of Paul Klebnikov?,Russian
UNTYPED,In which country is the Ginza Line located?,Japan
UNTYPED,What sport does Jerry West professionally play?,basketball
UNTYPED,Where are the Hellenic Army's headquarters?,Athens
UNTYPED,Who employs Steve Jobs?,Apple
UNTYPED,What city owns Giuseppe Meazza Stadium (San Siro)?,Milan
UNTYPED,What is the native language of Marguerite Yourcenar?,French
UNTYPED,What is Daiki Arioka's profession?,actor
UNTYPED,What is the capital of Central Bohemian Region?,Prague
UNTYPED,In which country is Iruma Air Base located?,Japan
UNTYPED,What is the original language of Sadratnamala?,Sanskrit
UNTYPED,In which country is Bundesautobahn 9 the most popular route?,Germany
UNTYPED,What was the capital of the Weimar Republic?,Berlin
UNTYPED,What language does Enzo Cannavale usually use?,Italian
UNTYPED,What is the native language of Pierre Blanchar?,French
UNTYPED,What does Jacobo Zabludovsky work as?,journalist
UNTYPED,What areas of expertise does the Courant Institute of Mathematical Sciences specialize in?,mathematics
UNTYPED,What is the capital city of People's Republic of Poland?,Warsaw
UNTYPED,What is Joseph Schumpeter's domain of work?,economic
UNTYPED,What is the original language of Les Francs-juges?,French
UNTYPED,Who produces the Alfa Romeo MiTo?,Fiat
UNTYPED,What is the capital city of Abbasid Caliphate?,Baghdad
UNTYPED,What is the native language of Georges Pompidou?,French
UNTYPED,What is the original language of Face Dances?,English
UNTYPED,Where was Hideki Shirakawa born?,Tokyo
UNTYPED,Where is Giacinto Brandi originally from?,Italy
UNTYPED,In what language is the Masoretic Text written?,Hebrew
UNTYPED,What position does Gareth Barry play in?,midfielder
UNTYPED,In which country is Indira Gandhi International Airport located?,India
UNTYPED,In which country is Cairo American College located?,Egypt
UNTYPED,In which city did Francesco Rutelli work?,Rome
UNTYPED,What does Sunny Hundal work as?,journalist
UNTYPED,Who developed Time Machine (macOS)?,Apple
UNTYPED,What continent does Toulouse belong to?,Europe
UNTYPED,What sport does Megan Rapinoe professionally play?,soccer
UNTYPED,What country is Henri Maurice Berteaux a citizen of?,France
UNTYPED,"In which country is the Buenos Aires Herald, created in 1891, the oldest daily newspaper?",Argentina
UNTYPED,What city is Galata within the city limits of?,Istanbul
UNTYPED,Who developed iTunes?,Apple
UNTYPED,Who employs Angela Ahrendts?,Apple
UNTYPED,What position does Germanus of Auxerre have?,bishop
UNTYPED,Where is EDP Renewables North America headquartered?,Houston
UNTYPED,In which country is Santo Stefano d'Aveto located?,Italy
UNTYPED,Who owns Abarth?,Fiat
UNTYPED,Where is Lincoln Financial Field located?,Philadelphia
UNTYPED,Who developed Yakuza 2?,Sega
UNTYPED,What sport does Dominik Hašek professionally play?,hockey
UNTYPED,Who employs Stephen Elop?,Microsoft
UNTYPED,Where is Open University of Catalonia establishing a new university?,Barcelona
UNTYPED,Where did Show Me a Hero premiere?,HBO
UNTYPED,Who owns Xbox Game Studios?,Microsoft
UNTYPED,What is the capital of Indonesia?,Jakarta
UNTYPED,What is the capital of Saxony?,Dresden
UNTYPED,What continent does Yangtze belong to?,Asia
UNTYPED,To which continent does Afghanistan belong?,Asia
UNTYPED,Where is the headquarter of Chinese Skating Association located?,Beijing
UNTYPED,Where can Fifth Avenue be found?,Manhattan
UNTYPED,What instrument did Edvard Grieg perform on?,piano
UNTYPED,What country is Yohann Diniz a citizen of?,France
UNTYPED,Who developed the Acura ZDX?,Honda
UNTYPED,What is the capital of the Roman Republic?,Rome
UNTYPED,To which continent does Wallonia belong?,Europe
UNTYPED,In which country was Avenue Montaigne created?,France
UNTYPED,Where was the North Side Gang created in the early 1980s?,Chicago
UNTYPED,In what city did Otto Hauser work?,Berlin
UNTYPED,What is the capital city of United Kingdom of the Netherlands?,Amsterdam
UNTYPED,In what country was Lage Raho Munna Bhai created?,India
UNTYPED,Who developed Acura TL?,Honda
UNTYPED,Where was Adolphe d'Ennery born?,Paris
UNTYPED,What is the position of Pius XII?,pope
UNTYPED,What country is Shigeki Maruyama a citizen of?,Japan
UNTYPED,Who employs Bill Gates?,Microsoft
UNTYPED,What is the capital city of the Austrian Empire?,Vienna
UNTYPED,In what city did Tony Benn die?,London
UNTYPED,What instrument was Clifford Curzon performing?,piano
UNTYPED,In what country was Lupin III created?,Japan
UNTYPED,What is Gwen Ifill associated with?,PBS
UNTYPED,In what country was Inuyasha created?,Japan
UNTYPED,What is the capital of the Commonwealth of the Philippines?,Manila
UNTYPED,Who is Pius VIII?,pope
UNTYPED,In what city did Montesquieu die?,Paris
UNTYPED,Who employs Ray Kurzweil?,Google
UNTYPED,Where is Galatasaray University located?,Istanbul
UNTYPED,In what language does Olga Vittoria Gentilli write?,Italian
UNTYPED,What religion is Yusuf al-Qaradawi affiliated with?,Islam
UNTYPED,What is the native language of Irina Khakamada?,Russian
UNTYPED,Where are the headquarters of King Chulalongkorn Memorial Hospital?,Bangkok
UNTYPED,Where is the location of the 2011 Australian Open?,Melbourne
UNTYPED,Where is the Parliament of Norway Building located?,Oslo
UNTYPED,Where did Alphonse James de Rothschild die?,Paris
UNTYPED,In which country is Eibenstock located?,Germany
UNTYPED,What religion is Muhammad al-Bukhari affiliated with?,Islam
UNTYPED,Where is Louth County Council located?,Ireland
UNTYPED,In what country was Caciocavallo created?,Italy
UNTYPED,Who owns Outlook.com?,Microsoft
UNTYPED,Who created Kindle Fire?,Amazon
UNTYPED,Where did Gaetano Moroni pass away?,Rome
UNTYPED,What religion is Sukarno affiliated with?,Islam
UNTYPED,Who owns Chromebook?,Google
UNTYPED,What position does Benedict XVI hold?,pope
UNTYPED,What continent does the Prussian Partition belong to?,Europe
UNTYPED,What city did Boniface III originate from?,Rome
UNTYPED,Who employs Steve Claridge?,BBC
UNTYPED,What company created Newsstand?,Apple
UNTYPED,In what language is La Voz del Interior written?,Spanish
UNTYPED,What language is spoken in South Georgia and the South Sandwich Islands?,English
UNTYPED,What language is the idiom spoken in the Marshall Islands a mixture of?,English
UNTYPED,What is Felix Salmon's job?,journalist
UNTYPED,What is the original language of Chennai 600028?,Tamil
UNTYPED,"In what city did Ulrika Eleonora, Queen of Sweden die?",Stockholm
UNTYPED,What position does Acca of Hexham hold as the first female?,bishop
UNTYPED,In which country is Holycross-Ballycahill GAA located?,Ireland
UNTYPED,To which continent does Mawson Glacier belong?,Antarctica
UNTYPED,In which country is Bouygues Telecom located?,France
UNTYPED,What position does John Smoltz play?,pitcher
UNTYPED,Where did Freaks and Geeks debut?,NBC
UNTYPED,Where was Iiro Rantala born?,Helsinki
UNTYPED,Where did J-pop originate?,Japan
UNTYPED,Where is the headquarter of Minnesota Strikers located?,Minneapolis
UNTYPED,In what language is Le Matin de Paris written?,French
UNTYPED,Who is the owner of Lexus?,Toyota
UNTYPED,Where is the headquarters of Co-operative Commonwealth Federation (Ontario Section)?,Toronto
UNTYPED,What sport does Bubba Smith professionally play?,football
UNTYPED,What is the native language of Georges Gorse?,French
UNTYPED,Who owns Knowledge Graph?,Google
UNTYPED,Who developed Super Audio CD?,Sony
UNTYPED,To which continent does Pitkevitch Glacier belong?,Antarctica
UNTYPED,Who developed Windows Live OneCare?,Microsoft
UNTYPED,Where is the Oratory of Saint Philip Neri headquartered?,Rome
UNTYPED,What field of study does the Italian Chemical Society specialize in?,chemistry
UNTYPED,Who is Gregory XIII?,pope
UNTYPED,What is Martha Nussbaum's profession?,philosopher
UNTYPED,What genre does RuneScape play?,fantasy
UNTYPED,What is the native language of Michel Modo?,French
UNTYPED,What is Arnold Hermann Ludwig Heeren's domain of work?,history
UNTYPED,Where is the Lotte World Tower located?,Seoul
UNTYPED,What is the mix of religions in the Tang Empire?,Buddhism
UNTYPED,Where is the David Suzuki Foundation's headquarters?,Vancouver
UNTYPED,Where is Lufkin located?,Texas
UNTYPED,Where did tatami originate?,Japan
UNTYPED,What position does Drew Brees play?,quarterback
UNTYPED,What is the native language of Nikolay Strakhov?,Russian
UNTYPED,In which country is Marugame located?,Japan
UNTYPED,What language is spoken in Vietnam?,Vietnamese
UNTYPED,Who employs Craig Federighi?,Apple
UNTYPED,What is the original language of Plus belle la vie?,French
UNTYPED,What language is spoken in Patna?,Hindi
UNTYPED,Where is the headquarters of Lebedev Physical Institute?,Moscow
UNTYPED,What religion does Osman I follow?,Islam
UNTYPED,Where is the 2005 Australian Open located?,Melbourne
UNTYPED,In what city did Michel Bernstein die?,Paris
UNTYPED,To which continent does Emmanuel Glacier belong?,Antarctica
UNTYPED,In which country is Siemiatycze located?,Poland
UNTYPED,What religion does Hyder Ali follow?,Islam
UNTYPED,Where did Fat Albert and the Cosby Kids debut?,CBS
UNTYPED,Where did The Dick Van Dyke Show premiere?,CBS
UNTYPED,What instrument does Robert Schumann perform on?,piano
UNTYPED,In which city did Morteza Momayez pass away?,Tehran
UNTYPED,Where is the King David Hotel bombing located?,Jerusalem
UNTYPED,What is the native language of Alexandre Auguste Ledru-Rollin?,French
UNTYPED,Where did Mainichi Shinbun originate?,Japan
UNTYPED,What language was a mixture of French in Polisse?,French
UNTYPED,In which part of the US are the Hualapai people located?,Arizona
UNTYPED,What country is Sakichi Toyoda a citizen of?,Japan
UNTYPED,What language is spoken in Petrozavodsk?,Russian
UNTYPED,Where is Salvatore Ferragamo Italia S.p.A. headquartered?,Florence
UNTYPED,In which country was Sangamam created?,India
UNTYPED,Who employs John Humphrys?,BBC
UNTYPED,Where did Monster Rancher originate?,Japan
UNTYPED,Who developed Android TV?,Google
UNTYPED,What is the native language of Gabrielle Fontan?,French
UNTYPED,Who employs Leslie Moonves?,CBS
UNTYPED,What language is spoken in Zabaykalsky Krai?,Russian
UNTYPED,What position does Drake Britton play?,pitcher
UNTYPED,Who developed Active Server Pages?,Microsoft
UNTYPED,In which city did David Mellor work?,London
UNTYPED,Where does Sunday Night Baseball premiere?,ESPN
UNTYPED,What city owns Stadio Flaminio?,Rome
UNTYPED,Where was Mako Idemitsu born?,Tokyo
UNTYPED,What position does Barry Zito play?,pitcher
UNTYPED,What is Adam Schefter's affiliation with?,ESPN
UNTYPED,Who developed the Lexus ES?,Toyota
UNTYPED,What sport does Barry Bonds professionally play?,baseball
UNTYPED,What field does air traffic control work in?,aviation
UNTYPED,Where did Pierre Contant d'Ivry pass away?,Paris
UNTYPED,In what city did Gilles Marie Oppenord die?,Paris
UNTYPED,Where did The New Andy Griffith Show premiere?,CBS
UNTYPED,In what city did Rutland Barrington die?,London
UNTYPED,Where did Teen Mom debut?,MTV
UNTYPED,In which country is Valdemarsvik located?,Sweden
UNTYPED,What field of study was Edward Teller an expert in?,physics
UNTYPED,Where is Rheinmetall MAN Military Vehicles headquartered?,Munich
UNTYPED,What was the Delmarva Peninsula named for?,Delaware
UNTYPED,"In which city did Sir James Whitehead, 1st Baronet work?",London
UNTYPED,Where is Gerlache Strait located?,Antarctica
UNTYPED,What area does Vilfredo Pareto work in besides economics?,sociology
UNTYPED,What instrument does George Gershwin perform on?,piano
UNTYPED,In which country is the Alberta Alliance Party located?,Canada
UNTYPED,Where is York University located?,Toronto
UNTYPED,Where was Jules Michelet born?,Paris
UNTYPED,Who developed the Lexus RX?,Toyota
UNTYPED,In what country was Tenchi Universe created?,Japan
UNTYPED,Where are the headquarters of the Polish Socialist Party?,Warsaw
UNTYPED,What religion is Abdalqadir as-Sufi affiliated with?,Islam
UNTYPED,Where was Georges Rouault born?,Paris
UNTYPED,What type of music does Postcards Records perform?,jazz
UNTYPED,To which continent does the Irish Free State belong?,Europe
UNTYPED,Where is the headquarter of Soviet Air Defence Forces located?,Moscow
UNTYPED,What is the capital of the Ukrainian State?,Kiev
UNTYPED,In which city did Yitzhak Ben-Zvi work?,Jerusalem
UNTYPED,What instrument did Van Cliburn perform on?,piano
UNTYPED,What instrument does Antonio Vivaldi play?,violin
UNTYPED,Which kind of show does Andrew Lloyd Webber create?,musical
UNTYPED,What country is Nagendra Singh a citizen of?,India
UNTYPED,In what language was De Officiis originally written?,Latin
UNTYPED,What is Georgios Babiniotis's domain of work?,Greek
UNTYPED,In what city did Julian Huxley die?,London
UNTYPED,What language was Die Nibelungen originally written in?,German
UNTYPED,Where is the headquarter of Canada West Foundation located?,Calgary
UNTYPED,What country is Yuki Uchida a citizen of?,Japan
UNTYPED,Where is Eiko Koike originally from?,Tokyo
UNTYPED,In what language was Yalkut Yosef originally written?,Hebrew
UNTYPED,Where did Orphan Black originate?,Canada
UNTYPED,In which country is Bundesautobahn 4 the most popular route?,Germany
UNTYPED,In which country is Jervis Inlet located?,Canada
UNTYPED,In what language is Kieler Nachrichten written?,German
UNTYPED,Who employs Paul Otellini?,Intel
UNTYPED,Where did Mike & Molly premiere?,CBS
UNTYPED,What is the original language of The Voice Israel?,Hebrew
UNTYPED,What sport does Wayne Rooney professionally play?,soccer
UNTYPED,What was the capital of the Second Spanish Republic?,Madrid
UNTYPED,What position does Mark Walters play in?,midfielder
UNTYPED,What sport does Johnny Unitas professionally play?,football
UNTYPED,What country is Auguste Rodin a citizen of?,France
UNTYPED,In what language is La Vie written?,French
UNTYPED,What language is spoken in the United Kingdom?,English
UNTYPED,What instrument does Johannes Brahms perform on?,piano
UNTYPED,In which country is Nishi-Matsuura District located?,Japan
UNTYPED,Where is the Federal Palace of Switzerland located?,Bern
UNTYPED,Who develops Mac Pro?,Apple
UNTYPED,In what city did Louis XVII of France die?,Paris
UNTYPED,What is the official language of Ecuador?,Spanish
UNTYPED,Who developed iPod Classic?,Apple
UNTYPED,In which country was Dronningens vagtmester created?,Denmark
UNTYPED,In which country is Panagarh located?,India
UNTYPED,Who developed ActiveSync?,Microsoft
UNTYPED,What sport does Mark Messier professionally play?,hockey
UNTYPED,In what country was Velayudham created?,India
UNTYPED,What instrument does Philip Glass play?,piano
UNTYPED,In which country is the Sydney Peace Prize located?,Australia
UNTYPED,What country is Subodh Kant Sahay a citizen of?,India
UNTYPED,What is the capital of Lazio?,Rome
UNTYPED,What is the original language of Tusculanae Disputationes?,Latin
UNTYPED,In which country is the Argentine National Anthem located?,Argentina
UNTYPED,What sport does Brett Hull professionally play?,hockey
UNTYPED,What continent does Vietnam belong to?,Asia
UNTYPED,Who employs Shane McMahon?,WWE
UNTYPED,What sport does Thierry Henry professionally play?,soccer
UNTYPED,What sport does Roger Staubach professionally play?,football
UNTYPED,Where did Prada originate?,Milan
UNTYPED,What is the position of Leo XIII?,pope
UNTYPED,Who developed Windows Phone 8.1?,Microsoft
UNTYPED,In what city did Marcellin Berthelot die?,Paris
UNTYPED,Where is Charlottenborg Palace located?,Copenhagen
UNTYPED,What continent does Paris belong to?,Europe
UNTYPED,Who developed iPad 4?,Apple
UNTYPED,Who developed NTFS?,Microsoft
UNTYPED,"What language is used by Claude Henri de Rouvroy, comte de Saint-Simon?",French
UNTYPED,What language does David Crystal study the history of?,English
UNTYPED,Where did Tokyo Mew Mew originate?,Japan
UNTYPED,In which city did Joseph Goebbels work?,Berlin
UNTYPED,Where does The Lead with Jake Tapper premiere?,CNN
UNTYPED,In which country is public transport in Istanbul located?,Turkey
UNTYPED,Who owns Epiphone?,Gibson
UNTYPED,In what language does Osvaldo Genazzani speak?,Italian
UNTYPED,What is the native language of Claude Bernard?,French
UNTYPED,Where is Myongji University located?,Seoul
UNTYPED,Where did Grupo Globo originate?,Brazil
UNTYPED,What language is spoken in Nokia?,Finnish
UNTYPED,What sport did Honus Wagner professionally play?,baseball
UNTYPED,What is the native language of Victor Prosper Considerant?,French
UNTYPED,In what city did Franz Xaver Gabelsberger work?,Munich
UNTYPED,What is the capital of the Grand Duchy of Finland?,Helsinki
UNTYPED,In which province is Lake Abitibi located?,Ontario
UNTYPED,What language does Alain Touraine speak to the media after the first round of the election?,French
UNTYPED,What is the native language of Edward Bulwer-Lytton?,English
UNTYPED,What position does Ignatius of Antioch have?,bishop
UNTYPED,Where did Microsoap premiere?,BBC
UNTYPED,Who employs Vint Cerf?,Google
UNTYPED,In what language is L'Aurore written?,French
UNTYPED,Who developed WebM?,Google
UNTYPED,Where is Inoue Genan Inseki native to?,Japan
UNTYPED,What is the native language of Alain Marleix?,French
UNTYPED,What is the native language of Sergey Aksyonov?,Russian
UNTYPED,Where is Patrick Henry College located?,Virginia
UNTYPED,Who developed the iPhone 4s?,Apple
UNTYPED,What country is Buichi Terasawa a citizen of?,Japan
UNTYPED,To which continent does The Hague belong?,Europe
UNTYPED,In which country is Fluminense F.C. located?,Brazil
UNTYPED,Who employs Jon Sopel?,BBC
UNTYPED,Who developed CarPlay?,Apple
UNTYPED,Where is Mauna Kea located?,Hawaii
UNTYPED,To which continent does Hong Kong belong?,Asia
UNTYPED,Who developed Core 2?,Intel
UNTYPED,Where is the location of Massachusetts Institute of Technology?,Cambridge
UNTYPED,In what country was Young Canadians created?,Canada
UNTYPED,Who owns Skype Technologies?,Microsoft
UNTYPED,Where did Brookes Brothers form in 1892?,London
UNTYPED,In which country is Al-Hasakah Governorate located?,Syria
UNTYPED,Where did La Fontaine's Fables originate?,France
UNTYPED,Where is the Italian Social Movement headquartered?,Rome
UNTYPED,What sport does Ilya Kovalchuk professionally play?,hockey
UNTYPED,To which continent does the Australian Antarctic Territory belong?,Antarctica
UNTYPED,What is the capital city of the Kingdom of the Netherlands?,Amsterdam
UNTYPED,Where is the location of the 2000 Australian Open?,Melbourne
UNTYPED,What language is used by Louis Bonaparte?,French
UNTYPED,What company is Xamarin from?,Microsoft
UNTYPED,What religion does Dildar Ali Naseerabadi follow?,Islam
UNTYPED,What religion is Adi ibn Hatim affiliated with?,Islam
UNTYPED,Where did The Tonight Show with Jay Leno premiere?,NBC
UNTYPED,Where is the Canadian Cancer Society headquartered?,Toronto
UNTYPED,In what language is Animator.ru written?,Russian
UNTYPED,What citizenship does Sola Aoi have?,Japan
UNTYPED,Where is the Panathenaic Stadium located?,Athens
UNTYPED,What area did Galileo Galilei work in?,astronomy
UNTYPED,In what city did Giovanni di Bicci de' Medici die?,Florence
UNTYPED,In which country is Bundesautobahn 6 the most popular route?,Germany
UNTYPED,"Where is Bandai Co., Ltd. headquartered?",Tokyo
UNTYPED,Where was Rimmel founded?,London
UNTYPED,What position does Tim Tebow play?,quarterback
UNTYPED,What position does Babylas of Antioch have?,bishop
UNTYPED,What country is Claude d'Annebault a citizen of?,France
UNTYPED,Where did A Charlie Brown Christmas debut?,CBS
UNTYPED,Who developed X11.app?,Apple
UNTYPED,What language is spoken in Guyana?,English
UNTYPED,Where was Chris Stringer born?,London
UNTYPED,Who owns Audible.com?,Amazon
UNTYPED,What sport did Jackie Robinson professionally play?,baseball
UNTYPED,What is the official religion of Talmud Torah school?,Judaism
UNTYPED,Who owns Alexa Internet?,Amazon
UNTYPED,Where is the Coca-Cola Company headquartered?,Atlanta
UNTYPED,In which state is Manassas Regional Airport located?,Virginia
UNTYPED,To which continent does the Rufiji River belong?,Africa
UNTYPED,In what language is Le Petit Parisien written?,French
UNTYPED,Where did Sherlock Holmes premiere?,BBC
UNTYPED,What country is Michel Houellebecq a citizen of?,France
UNTYPED,Who developed Datsun Sports?,Nissan
UNTYPED,Where did Bandai Channel start?,Japan
UNTYPED,What is the capital of Maharashtra?,Mumbai
UNTYPED,Where was Henri Estienne born?,Paris
UNTYPED,Where was Hiroshi Tsuchida born?,Tokyo
UNTYPED,What language was a mixture of in I ragazzi di via Panisperna?,Italian
UNTYPED,What citizenship does Linor Abargil have?,Israel
UNTYPED,Who employs Satya Nadella?,Microsoft
UNTYPED,"In what city did Sir William Dunn, 1st Baronet, of Lakenheath die?",London
UNTYPED,What country is Chuwit Kamolvisit a citizen of?,Thailand
UNTYPED,Where did Mitsubishi Electric start?,Tokyo
UNTYPED,Who owns Broadcasting House?,BBC
UNTYPED,Where was Bhayanak Maut created in the wake of the 2008?,Mumbai
UNTYPED,Who developed Xeon?,Intel
UNTYPED,In what language is Optimistique-moi written?,French
UNTYPED,To which continent does Sjogren Glacier belong?,Antarctica
UNTYPED,Which position holds Zeno of Verona?,bishop
UNTYPED,Who employs Gary Lineker?,BBC
UNTYPED,In what language was La Jornada originally written?,Spanish
UNTYPED,Who owns Xbox?,Microsoft
UNTYPED,Where did Sviatoslav Knushevitsky pass away?,Moscow
UNTYPED,In what language is Comme j'ai mal written?,French
UNTYPED,What language is Anna Karenina written in?,Russian
UNTYPED,What is the original language of Le Globe?,French
UNTYPED,What organization does the Brazil national football team belong to?,FIFA
UNTYPED,What religion does Abdolkarim Soroush follow?,Islam
UNTYPED,What country is Marcin Libicki a citizen of?,Poland
UNTYPED,Who owns DeepMind?,Google
UNTYPED,What religion does Al-Mahdi follow?,Islam
UNTYPED,To which continent does Debenham Glacier belong?,Antarctica
UNTYPED,Where is the National Memorial Cemetery of the Pacific located?,Honolulu
UNTYPED,What position does Josh McCown play?,quarterback
UNTYPED,What continent is Otway Massif a part of?,Antarctica
UNTYPED,In which city did Antoni Brodowski work in the office of the mayor?,Warsaw
UNTYPED,Where did Criminal Minds premiere?,CBS
UNTYPED,Who employs Eddy Cue?,Apple
UNTYPED,What is the native language of Maurice Faure?,French
UNTYPED,"In which country is North Middlesex, Ontario located?",Canada
UNTYPED,Where is the popular route Bundesautobahn 113?,Germany
UNTYPED,What language was Mi Reflejo a mixture of?,Spanish
UNTYPED,What is the capital of Egypt?,Cairo
UNTYPED,What is the capital of Metropolitan France?,Paris
UNTYPED,Who developed the Acura RL?,Honda
UNTYPED,Where are Seiyu Group's headquarters?,Tokyo
UNTYPED,What language is spoken in Joensuu?,Finnish
UNTYPED,What sport does Juninho Pernambucano professionally play?,soccer
UNTYPED,What instrument does Tomaso Antonio Vitali play?,violin
UNTYPED,In what country was Arisaka created?,Japan
UNTYPED,What language is spoken in Panama?,Spanish
UNTYPED,What is the native language of Isabelle Breitman?,French
UNTYPED,What is the original language of Revue de Paris?,French
UNTYPED,What areas does the Australian Mathematical Society specialize in?,mathematics
UNTYPED,Where is St Patrick's Athletic F.C. headquartered?,Dublin
UNTYPED,In which country is Lopburi located in the southern part?,Thailand
UNTYPED,What language is spoken in Geneva?,French
UNTYPED,What language is spoken in Palau?,English
UNTYPED,What sport does Maurice Richard professionally play?,hockey
UNTYPED,What religion does Ibn Khaldun follow?,Islam
UNTYPED,Where did Henri de Toulouse-Lautrec take up work?,Paris
UNTYPED,What area does Brian De Palma work in?,film
UNTYPED,What continent does Thailand belong to?,Asia
UNTYPED,What is the position of Pius VI?,pope
UNTYPED,What language is spoken in Engelberg?,German
UNTYPED,In what city did Marie François Oscar Bardy de Fourtou work?,Paris
UNTYPED,What is Yanis Varoufakis's profession?,economist
UNTYPED,To which continent does Johnson Glacier belong?,Antarctica
UNTYPED,What language is Klaas Schilder a native speaker of?,Dutch
UNTYPED,What city does Amol Palekar originate from?,Mumbai
UNTYPED,What city is KeyArena from?,Seattle
UNTYPED,What religion is Khalid ibn al-Walid affiliated with?,Islam
UNTYPED,What instrument does Elvis Presley play?,guitar
UNTYPED,What language is spoken in Ireland?,Irish
UNTYPED,What language is Jyllands-Posten written in?,Danish
UNTYPED,What language is spoken in Argentina?,Spanish
UNTYPED,In what language is aloha written?,Hawaiian
UNTYPED,Where is Joe Louis Arena from?,Detroit
UNTYPED,Where was Claude Arrieu born?,Paris
UNTYPED,"Where did Juan Prim, 1st Marquis of los Castillejos pass away?",Madrid
UNTYPED,In which city did David Cameron work?,London
UNTYPED,Where is the headquarter of Army of the Guardians of the Islamic Revolution?,Tehran
UNTYPED,In which country is Honnavar located?,India
UNTYPED,In which country are the Shetland Islands located?,Scotland
UNTYPED,What position was Athanasius of Alexandria the first to hold?,bishop
UNTYPED,What language was La Hora a mixture of?,Spanish
UNTYPED,To which continent does Handel Ice Piedmont belong?,Antarctica
UNTYPED,Where was Umberto Guidoni born?,Rome
UNTYPED,In what language is Ne partez pas sans moi written?,French
UNTYPED,What is the native language of Alfred Savoir?,French
UNTYPED,What other position does Luis del Sol play besides striker?,midfielder
UNTYPED,Where can North Berwick be found?,Scotland
UNTYPED,Where did The Ed Sullivan Show premiere?,CBS
UNTYPED,What position does Ludovic Sylvestre play in?,midfielder
UNTYPED,In which country is JVC Kenwood Victor Entertainment located?,Japan
UNTYPED,What instrument does George Martin perform on?,piano
UNTYPED,What was the capital of the Qing dynasty?,Beijing
UNTYPED,Who was Pius II?,pope
UNTYPED,What type of music does the Rosenberg Trio perform?,jazz
UNTYPED,What language is spoken in the Kingdom of Bulgaria?,Bulgarian
UNTYPED,Who developed Windows Me?,Microsoft
UNTYPED,Who developed Windows Live Mesh?,Microsoft
UNTYPED,Where did The Good Wife debut?,CBS
UNTYPED,What language is Lapland Odyssey written in?,Finnish
UNTYPED,Where was Eavan Boland born?,Dublin
UNTYPED,In what city did John Broadwood die?,London
UNTYPED,What language is the original version of Voyage to Cythera a mixture of?,Greek
UNTYPED,What field is Galen's expertise in?,medicine
UNTYPED,What religion is Babur affiliated with?,Islam
UNTYPED,What city owns the American Airlines Center?,Dallas
UNTYPED,Who developed the Acura EL?,Honda
UNTYPED,In which country is Bundesautobahn 14 the most popular route?,Germany
UNTYPED,In what city did Otto von Bismarck work?,Berlin
UNTYPED,What continent does the Viking Age belong to?,Europe
UNTYPED,What is the capital of the Kingdom of Egypt?,Cairo
UNTYPED,What language is spoken in Helsinki?,Finnish
UNTYPED,What was the language of El Mercurio a mixture of?,Spanish
UNTYPED,Who created iTunes Remote?,Apple
UNTYPED,What is Luciano Pavarotti known for performing in?,opera
UNTYPED,Where was Chanel started?,Paris
UNTYPED,What is the capital of Peru?,Lima
UNTYPED,What is the native language of Viacheslav Belavkin?,Russian
UNTYPED,In which country is Eredivisie located?,Netherlands
UNTYPED,What sport does Moses Malone professionally play?,basketball
UNTYPED,In what country was Nonchan Noriben created?,Japan
UNTYPED,To which continent does Howard Glacier belong?,Antarctica
UNTYPED,What continent does the United Kingdom of the Netherlands belong to?,Europe
UNTYPED,Where is Alitalia-Linee Aeree Italiane headquartered?,Rome
UNTYPED,What is the native language of Corinne Calvet?,French
UNTYPED,What is the native language of Bernard Giraudeau?,French
UNTYPED,To which continent does Schreckhorn belong?,Europe
UNTYPED,What language is Amar en tiempos revueltos a mixture of?,Spanish
UNTYPED,Where did Banco di Napoli originate?,Naples
UNTYPED,"What language is used by Pedro Caro, 3rd Marquis of la Romana a clear reference to?",Spanish
UNTYPED,What instrument did Jimi Hendrix play?,guitar
UNTYPED,In what language is France Dimanche written?,French
UNTYPED,What language is spoken in Sundsvall Municipality?,Swedish
UNTYPED,Who owns Bing Videos?,Microsoft
UNTYPED,In what language is El Diario de Hoy written?,Spanish
UNTYPED,Who developed the Lumia series?,Microsoft
UNTYPED,What was the language of Electricidad a mixture of?,Spanish
UNTYPED,What is the capital of the Kingdom of Great Britain?,London
UNTYPED,Where was Masako Natsume born?,Tokyo
UNTYPED,What position does Masaichi Kaneda play as a left-handed?,pitcher
UNTYPED,What is the native language of Anastasy Vonsyatsky?,Russian
UNTYPED,Where are the headquarters of the Liquor Control Board of Ontario?,Toronto
UNTYPED,Who developed Chromecast?,Google
UNTYPED,Who is Clement VIII?,pope
UNTYPED,What sport does Teemu Sälännä professionally play?,hockey
UNTYPED,Who developed Final Cut Pro X?,Apple
UNTYPED,Who owns Office Online?,Microsoft
UNTYPED,Where is Gamescom located?,Cologne
UNTYPED,Who develops macOS?,Apple
UNTYPED,Where was Emilia Rydberg born?,Stockholm
UNTYPED,Where was Richard Rawlinson born?,London
UNTYPED,In which country is Gavork-e Nalin Rural District located?,Iran
UNTYPED,What company produces Windows Genuine Advantage?,Microsoft
UNTYPED,What musical styles does The Bays perform?,jazz
UNTYPED,What is Germaine Greer's domain of work?,feminism
UNTYPED,In what city did Georges Ernest Boulanger work?,Paris
UNTYPED,Who develops iPhone?,Apple
UNTYPED,What language is spoken in Iran?,Persian
UNTYPED,What language is different from the one used by Guido Pieters?,Dutch
UNTYPED,Where is the headquarter of All India Anna Dravida Munnetra Kazhagam located?,Chennai
UNTYPED,In what city did Sandro Botticelli die?,Florence
UNTYPED,In what city did William Bayliss die?,London
UNTYPED,What position does Yannick Cahuzac play as?,midfielder
UNTYPED,In what city did Jules Moch work?,Paris
UNTYPED,Where is the headquarter of State University of New York located?,Albany
UNTYPED,What religion does the Northern Nigeria Protectorate follow?,Islam
UNTYPED,In what city did Antonio Marcello Barberini die?,Rome
UNTYPED,What position does Pekka Rinne play?,goaltender
UNTYPED,What citizenship does Giuseppe Angeli have?,Ital
UNTYPED,In which country is Gmina Kleczew located?,Poland
UNTYPED,In what language is Le cose che vivi written?,Italian
UNTYPED,For whom does Mishal Husain work?,BBC
UNTYPED,What position does Sean Glennon play?,quarterback
UNTYPED,Where is the Catalan self-determination referendum located?,Catalonia
UNTYPED,Who employs Scott Forstall?,Apple
UNTYPED,To which continent does Kirkpatrick Glacier belong?,Antarctica
UNTYPED,What country is Sadeq Larijani a citizen of?,Iran
UNTYPED,What is the original language of Voodoo Lounge?,English
UNTYPED,On which network was Elizabeth R originally aired?,BBC
UNTYPED,In what country was Scania created?,Sweden
UNTYPED,What country is Dawid Janowski a citizen of?,Poland
UNTYPED,Who owns Mojang?,Microsoft
UNTYPED,What is the native language of Laurent Lafitte?,French
UNTYPED,"Where is Hope and Anchor, Islington located?",London
UNTYPED,What position does D'Qwell Jackson play?,linebacker
UNTYPED,In what country was Hidamari Sketch created?,Japan
UNTYPED,What is the capital city of the Second Polish Republic?,Warsaw
UNTYPED,Where is the headquarter of Weta Digital located?,Wellington
UNTYPED,Where was Riona Hazuki born?,Tokyo
UNTYPED,Who created LGA 775?,Intel
UNTYPED,In which state can Kalamazoo County be found?,Michigan
UNTYPED,In what city did Jean-Joseph de Mondonville die?,Paris
UNTYPED,What is the native language of Nicolaas Pierson?,Dutch
UNTYPED,In which city did Buenaventura Durruti pass away in a hospital?,Madrid
UNTYPED,What position does Mike Piazza play?,catcher
UNTYPED,Where is Pennzoil's headquarters?,Houston
UNTYPED,On what network did Rowan & Martin's Laugh-In debut?,NBC
UNTYPED,In which country is Mizoram located?,India
UNTYPED,What is the native language of Lee Chang-dong?,Korean
UNTYPED,In what language is Le Quotidien de Paris written?,French
UNTYPED,Where did Big Love premiere?,HBO
UNTYPED,In which country was Magne Robo Gakeen created?,Japan
UNTYPED,What language is Il Postino: The Postman written in?,Italian
UNTYPED,Where is the Royal National Theatre located?,London
UNTYPED,In which country is Taksim Military Barracks located?,Turkey
UNTYPED,Who employs Adam Curtis?,BBC
UNTYPED,What is the capital of the Philippines?,Manila
UNTYPED,Who developed the iPhone 3GS?,Apple
UNTYPED,What is the native language of Nathalie Kosciusko-Morizet?,French
UNTYPED,Where is Nikon headquartered and when was it formed?,Tokyo
UNTYPED,What is the native language of Henriette-Julie de Murat?,French
UNTYPED,Where is Harvard Law School located?,Cambridge
UNTYPED,What sport did Walter Payton professionally play?,football
UNTYPED,What position does Eusebius of Vercelli have?,bishop
UNTYPED,What country is Mohsen Mirdamadi a citizen of?,Iran
UNTYPED,What language is spoken in Yamalo-Nenets Autonomous Okrug?,Russian
UNTYPED,What is the original language of Der kleine Vampir?,German
UNTYPED,Where is the Hungarian Ladies Open located?,Budapest
UNTYPED,In what language is A las Barricadas written?,Spanish
UNTYPED,What country is Jean-Pierre Van Rossem from?,Belgium
UNTYPED,What instrument does Paul McCartney play?,piano
UNTYPED,What genre is that played by Casa Loma Orchestra?,jazz
UNTYPED,What language is France Info written in?,French
UNTYPED,In what country was Ylvis created?,Norway
UNTYPED,"Where is Sleater-Kinney, a feminist punk band founded in 1991, from?",Olympia
UNTYPED,Who employs David Dimbleby?,BBC
UNTYPED,What genre does Christopher Paolini play?,fantasy
UNTYPED,Who developed Process Explorer?,Microsoft
UNTYPED,What field of study does the European Physical Journal specialize in?,physics
UNTYPED,What is the capital of Massachusetts?,Boston
UNTYPED,Who employs Chris Cuomo?,CNN
UNTYPED,What instrument does Francis Poulenc perform on?,piano
UNTYPED,Where is Ajinomoto Stadium?,Tokyo
UNTYPED,Where did the 1993 Bombay bombings take place?,Mumbai
UNTYPED,What sport does Jaromír Jágr professionally play?,hockey
UNTYPED,In which country is Kluuvi located?,Finland
UNTYPED,Who developed Wii U?,Nintendo
UNTYPED,In which country is Kamchatka Krai located?,Russia
UNTYPED,Which citizenship had the people who wrote Odnoklassniki in the early 1990s?,Russian
UNTYPED,In what city did Charles Louis Alphonse Laveran die?,Paris
UNTYPED,What position does Ivan Gudelj play in?,midfielder
UNTYPED,Who developed Game & Watch?,Nintendo
UNTYPED,In what city did Charles Nodier die?,Paris
UNTYPED,Who employs Jonathan Pearce?,BBC
UNTYPED,Who employs Dan Le Batard?,ESPN
UNTYPED,Who employs Triple H?,WWE
UNTYPED,Where was Georges Duhamel born?,Paris
UNTYPED,Who developed Mario Bros.?,Nintendo
UNTYPED,What position does Jason Campbell play?,quarterback
UNTYPED,In what language is Charlie Hebdo written?,French
UNTYPED,Who owns Gangnam Station?,Seoul
UNTYPED,What is the official language of Melitopol?,Ukrainian
UNTYPED,What is the original language of Disquisitiones Arithmeticae?,Latin
UNTYPED,What sport does Pat Tillman professionally play?,football
UNTYPED,Who owns YouTube?,Google
UNTYPED,In what city did Jan Swammerdam die?,Amsterdam
UNTYPED,In which country is Higashikagawa located?,Japan
UNTYPED,Who developed the C-135 Stratolifter?,Boeing
UNTYPED,What genre does Riverworld mix?,fantasy
UNTYPED,What is Sachimi Iwao's citizenship?,Japan
UNTYPED,To which continent does Northwind Glacier belong?,Antarctica
UNTYPED,What language is spoken in Ruokolahti?,Finnish
UNTYPED,Where did Coco Chanel pass away?,Paris
UNTYPED,Who developed Game Boy Advance?,Nintendo
UNTYPED,In what language is Sesamstraat written?,Dutch
UNTYPED,Who developed Amiibo?,Nintendo
UNTYPED,What language is very similar to the language used by Ch'ien Mu?,Chinese
UNTYPED,Who developed the EA-18G Growler?,Boeing
UNTYPED,What is John Coltrane's domain of work?,jazz
UNTYPED,In which country is the Vale of Glamorgan located?,Wales
UNTYPED,What is the capital of the Hungarian Soviet Republic?,Budapest
UNTYPED,Where did Outside the Lines debut?,ESPN
UNTYPED,What language is spoken in Grenada?,English
UNTYPED,Where is Swedish Orphan Biovitrum headquartered?,Stockholm
UNTYPED,What religion does Hersekzade Ahmed Pasha follow?,Islam
UNTYPED,In what city did Donato Bramante die?,Rome
UNTYPED,What is Michael Dorn's profession?,actor
UNTYPED,What religion does Al-Mutawakkil follow?,Islam
UNTYPED,Who develops Internet Explorer?,Microsoft
UNTYPED,What religion is Selim I affiliated with?,Islam
UNTYPED,What language was Il giuramento originally written in?,Italian
UNTYPED,What is Akira Toriyama's domain of work?,manga
UNTYPED,What role does Miles Davis play?,jazz
UNTYPED,Where is the Maryland Film Festival located?,Baltimore
UNTYPED,"In which country is Saint-Louis-de-Kent, New Brunswick located?",Canada
UNTYPED,What is the native language of Pierre Lescure?,French
UNTYPED,What religion is Muawiyah I a believer of?,Islam
UNTYPED,What field was Tycho Brahe an expert in?,astronomy
UNTYPED,Where is the 2005 Southeast Asian Games taking place?,Philippines
UNTYPED,What style of music is Soultrane known for performing?,jazz
UNTYPED,What is the capital of the United Kingdom of Great Britain and Northern Ireland?,London
UNTYPED,What country created Danish pastry?,Denmark
UNTYPED,What is the capital of Ireland?,Dublin
UNTYPED,Where is the 2002 Australian Open located?,Melbourne
UNTYPED,In what city did George Newnes work?,London
UNTYPED,In what country was Limoncello created?,Italy
UNTYPED,In what city did Leon Brittan die?,London
UNTYPED,Where is the headquarters of the University of Washington?,Seattle
UNTYPED,Where is the 2004 Australian Open located?,Melbourne
UNTYPED,Who employs Alan Sugar?,BBC
UNTYPED,Where are Mitsubishi Corporation's headquarters?,Tokyo
UNTYPED,Who developed iPod Mini?,Apple
UNTYPED,What is the native language of Hendrikus Colijn?,Dutch
UNTYPED,Where is CERN located?,Geneva
UNTYPED,In which country is Sialkot district located?,Pakistan
UNTYPED,Who developed Windows Media Audio?,Microsoft
UNTYPED,What is Edward Gibbon's domain of work?,history
UNTYPED,In which country is Simcoe Composite School located?,Canada
UNTYPED,What sport did Don Shula professionally play?,football
UNTYPED,Who developed Final Fantasy III?,Square
UNTYPED,What position does Gus Poyet play in?,midfielder
UNTYPED,What is the original language of Sous le ciel de Paris?,French
UNTYPED,Who produces the B-29 Superfortress?,Boeing
UNTYPED,In what city did Yves Rocard die?,Paris
UNTYPED,Where is the headquarter of EMI located?,London
UNTYPED,In which country is Hohenlohe located?,Germany
UNTYPED,What is the capital of Hawaii?,Honolulu
UNTYPED,In what city did Madame de Montesson die?,Paris
UNTYPED,Who developed File Explorer?,Microsoft
UNTYPED,What religion is Uqba ibn Nafi affiliated with?,Islam
UNTYPED,Where does Giulio Romano originate from?,Rome
UNTYPED,On what network did The Bill Cosby Show debut?,NBC
UNTYPED,What language is spoken in Asturias?,Spanish
UNTYPED,What is the capital city of the Kingdom of Afghanistan?,Kabul
UNTYPED,In which country was Dannii Minogue created?,Australia
UNTYPED,Where is the headquarter of United Continental Holdings located?,Chicago
UNTYPED,Where did The Amazing Race premiere?,CBS
UNTYPED,What sport does Tim Horton professionally play?,hockey
UNTYPED,What is the native language of Guy Drut?,French
UNTYPED,What is the native language of Louis-Nicolas Davout?,French
UNTYPED,To which continent does Manipur belong?,Asia
UNTYPED,What religion is Muhammad affiliated with?,Islam
UNTYPED,Where was Semyon Vorontsov born?,Moscow
UNTYPED,What is the original language of De finibus bonorum et malorum?,Latin
UNTYPED,What area does Leonard Peikoff work in?,philosophy
UNTYPED,What country is Eiko Shimamiya a citizen of?,Japan
UNTYPED,Who developed Internet Explorer 10?,Microsoft
UNTYPED,What instrument does Alice Coltrane perform on?,piano
UNTYPED,What is Petros Voulgaris's citizenship?,Gree
UNTYPED,"What genre does Chris McGregor perform in, in addition to rock?",jazz
UNTYPED,On what network did Late Night with Conan O'Brien debut?,NBC
UNTYPED,To which continent does Urdoviza Glacier belong?,Antarctica
UNTYPED,What was the capital of the Latin Empire?,Constantinople
UNTYPED,What religion does Farrukhsiyar follow?,Islam
UNTYPED,Where did Giuseppe Baini die?,Rome
UNTYPED,Which company's developers created IntelliPoint?,Microsoft
UNTYPED,Where did Evgeny Lifshitz pass away?,Moscow
UNTYPED,Where is the Norwegian Museum of Cultural History located?,Oslo
UNTYPED,Who developed the MacBook Air?,Apple
UNTYPED,What language is Dwynwen a mixture of?,Welsh
UNTYPED,What religion is Reconstructionist Rabbinical College affiliated with?,Judaism
UNTYPED,What is the native language of Delphine de Girardin?,French
UNTYPED,Where is the Bavarian National Museum located?,Munich
UNTYPED,Where does NBA Shootaround premiere?,ESPN
UNTYPED,What is the capital of Fatimid caliphate?,Cairo
UNTYPED,In what language is Die Tageszeitung written?,German
UNTYPED,What is caffeine named after?,coffee
UNTYPED,Who employs Simon McCoy?,BBC
UNTYPED,What position does Fulgentius of Ruspe have?,bishop
UNTYPED,What is the original language of Neethaane En Ponvasantham?,Tamil
UNTYPED,To which continent does the Rhine belong?,Europe
UNTYPED,"In which city did Jennie Lee, Baroness Lee of Asheridge work?",London
UNTYPED,What is Michael Faraday a professor of?,physics
UNTYPED,Where is Koichi Ishii native to?,Japan
UNTYPED,Where is the headquarters of the Russian State Archive of Literature and Art?,Moscow
UNTYPED,What language was used in Ni es lo mismo ni es igual?,Spanish
UNTYPED,Who employs Tim Cook?,Apple
UNTYPED,"In which city did Sir Francis Baring, 1st Baronet work?",London
UNTYPED,To which continent does the Gambia River belong?,Africa
UNTYPED,Where is the Patuxent Wildlife Research Center located?,Maryland
UNTYPED,"What language did William Fitzwilliam, 4th Earl Fitzwilliam use?",English
UNTYPED,What type of music does De-Phazz play?,jazz
UNTYPED,What area does the Physiological Society work in?,physiology
UNTYPED,What title does Annise Parker hold as the first openly gay person?,mayor
UNTYPED,What instrument did Aretha Franklin play?,piano
UNTYPED,What is the capital of the Khedivate of Egypt?,Cairo
UNTYPED,Who developed iPhone 1?,Apple
UNTYPED,What citizenship does Izzy Asper have?,Canad
UNTYPED,What is Jeff Zucker associated with?,CNN
UNTYPED,What field is the expertise of Paracelsus in?,medicine
UNTYPED,What is Stephen Jay Gould's domain of work?,evolution
UNTYPED,What position did Gregory of Nazianzus hold?,bishop
UNTYPED,In what language is Mas Canciones written?,Spanish
UNTYPED,What language was the original version of Kadhalil Sodhappuvadhu Yeppadi written in?,Tamil
UNTYPED,Who developed Pentium 4?,Intel
UNTYPED,What religious office does Saint Domnius have?,bishop
UNTYPED,What religion does Ibn Battuta follow?,Islam
UNTYPED,What city was Pittsburg County named after?,Pittsburgh
UNTYPED,What language is spoken in Kauniainen?,Finnish
UNTYPED,In what country was Saikano created?,Japan
UNTYPED,In which city did Michael Foot work?,London
UNTYPED,What is Beijing named after?,capital
UNTYPED,What position does Florent Cuvelier play in?,midfielder
UNTYPED,In what language is RIA Novosti written?,Russian
UNTYPED,What country Adriano Celentano's citizenship is from?,Ital
UNTYPED,In what language is Le Moniteur Universel written?,French
UNTYPED,What does Werner Heisenberg work as?,physicist
UNTYPED,What religion is Muhammad Asad affiliated with?,Islam
UNTYPED,What language is spoken in the State of Brazil?,Portuguese
UNTYPED,To which continent does Kirkby Glacier belong?,Antarctica
UNTYPED,What genre is played by Mercer Ellington?,jazz
UNTYPED,Who produces the Wii Balance Board?,Nintendo
UNTYPED,In which country is Brandon University located?,Canada
UNTYPED,Who owns Bing Maps?,Microsoft
UNTYPED,In which country is TUIfly Nordic located?,Sweden
UNTYPED,To which continent does Lake Vostok belong?,Antarctica
UNTYPED,Where was the 2013 Australian Open located?,Melbourne
UNTYPED,Who owns Goodreads?,Amazon
UNTYPED,Who owns Showtime Networks?,CBS
UNTYPED,To which continent does Chandigarh belong?,Asia
UNTYPED,Who employs Delia Derbyshire?,BBC
UNTYPED,Where is Vinson Massif located?,Antarctica
UNTYPED,Where is Mount Foster located?,Antarctica
UNTYPED,Where is Faygo's headquarters located?,Detroit
UNTYPED,What is the native language of Roger Garaudy?,French
UNTYPED,What is the native language of Luc Besson?,French
UNTYPED,What is the capital of Denmark?,Copenhagen
UNTYPED,Where was Nicolas Gigault born?,Paris
UNTYPED,Where is Godrej Consumer Products Limited headquartered?,Mumbai
UNTYPED,What is the capital of the Kingdom of Iraq?,Baghdad
UNTYPED,Where does Wednesday Night Baseball premiere?,ESPN
UNTYPED,What religion is Hamza ibn Abdul-Muttalib affiliated with?,Islam
UNTYPED,Where was Adam Kendon born?,London
UNTYPED,In which country is Fryderyk Chopin University of Music located?,Poland
UNTYPED,What sport does Phil Jackson professionally play?,basketball
UNTYPED,What sport does Stephen Curry professionally play?,basketball
UNTYPED,What is the capital of the Kingdom of Bavaria?,Munich
UNTYPED,Where is Rogers Media based?,Toronto
UNTYPED,What country is Mykola Tomenko a citizen of?,Ukraine
UNTYPED,Where is Miyuki Sawashiro originally from?,Tokyo
UNTYPED,Where was Henri Debain born?,Paris
UNTYPED,What language is spoken in Chiasso?,Italian
UNTYPED,Who developed the Lexus LF?,Toyota
UNTYPED,Who developed Sandy Bridge?,Intel
UNTYPED,Who was Gregory XII?,pope
UNTYPED,What language is the original version of Il Posto a mixture of?,Italian
UNTYPED,"In which city did Hugh Cairns, 1st Earl Cairns work?",London
UNTYPED,In which state is Rocky Mountain National Park located?,Colorado
UNTYPED,What is the original language of Uutisvuoto a mixture of?,Finnish
UNTYPED,Who employs Brian Krzanich?,Intel
UNTYPED,What area of study does Michio Kaku work in?,physics
